,i,x_med,y_med,at_med,quality_flag,bathy_conf,sat_flag,sat_check,n_photons,surf_prom,surf_loc,surf_std,decay_param,trans_mult,noise_above,noise_below,bathy_prom,bathy_loc,bathy_std,surf_prom_f,surf_loc_f,surf_std_f,decay_param_f,trans_mult_f,noise_above_f,noise_below_f,bathy_prom_f,bathy_loc_f,bathy_std_f,turb_score
0,0,-75.48998864149429,35.417564096829864,16130629.532623803,3,1.1900589487117859,0,False,1036,143.00122356347669,-0.4196986345704266,0.46235757346629375,-0.01936947700682794,3.079867361800254,0.7269871684649404,1e-31,1.960959545924494,39.03428180488346,0.2082846513937402,,,,,,,,,,,157.74219490853287
1,1,-75.49036331991397,35.415276615182805,16130885.38727284,3,6.312484376961254,0,False,810,33.34781171705519,-2.8573942247886035,1.0295798022899798,-0.0016248679300539357,2.746751629849073,0.47853174708829577,1e-31,27.910186872180102,-1.1744630811861583,0.9451453605809035,,,,,,,,,,,147.31789479299113
2,2,-75.4907159343804,35.413106991632716,16131128.059252596,3,1.1301383694974954,0,False,1242,214.27514135924986,-0.5466588207563368,0.31492441695688733,-0.09148142931861372,2.8228995661574996,0.5210275095447721,1e-31,1.7626873593331236,47.25986984679651,0.3735013388449171,,,,,,,,,,,173.92230187106068
3,3,-75.49110073959369,35.41076938631865,16131389.585159235,3,1.0543260953109173,0,False,844,54.43860206982535,-0.9807585929773317,0.5695156264818684,-0.02690786287181212,2.8304754514954866,0.5205867661778397,1e-31,1.326458220435366,23.752460342156454,0.3177237409743106,,,,,,,,,,,107.85745774519177
4,4,-75.49146404323213,35.408559491913024,16131636.790727966,3,1.0112182730860166,0,False,810,64.77870456792986,-0.901826802044507,0.47459611709452054,-0.02798073524690151,2.8023828094976144,0.7283093985657374,1e-31,1.7160457807649394,49.31331866938729,0.24569588316220245,,,,,,,,,,,136.55471695278024
5,5,-75.49183610940256,35.4062790951794,16131891.869810658,3,1.104782835826486,0,False,865,61.751656678732296,-0.7827682241121138,0.32423827720320086,-0.03796736606988757,2.714053404152844,0.7186791073663084,1e-31,0.5161580962681102,1.3751555999031133,0.04031002708991339,,,,,,,,,,,139.60117140668777
6,6,-75.49220187306948,35.40406649289218,16132139.391910713,3,1.1804560750948276,0,False,895,63.03505371449494,-0.8014237891518063,0.354172420196511,-0.044709696109510456,2.690779816992054,0.9879416666042586,1e-31,1.1444001733935247,18.2175511814758,0.21253412061479748,,,,,,,,,,,134.0949096122222
7,7,-75.49256464899307,35.40186545881261,16132385.634035105,3,1.1046489214961925,0,False,846,75.22155130654532,-0.7236107508903024,0.37929335164504224,-0.0300781481407723,2.839490846145651,0.7269871684649404,1e-31,7.684466673215034,18.000070748515782,0.06779261127488037,,,,,,,,,,,138.2300618703589
8,8,-75.49294384425878,35.39957233900128,16132642.159508184,3,1.1235414298381452,0,False,1002,82.67383052122446,-0.6497035488183825,0.5145561783060718,-0.0156582145608966,2.973436263143878,0.5004407433669325,1e-31,0.9886660563876147,7.7917399173113155,0.21937177495348417,,,,,,,,,,,135.81095714746448
9,9,-75.49328495574765,35.397518959091904,16132871.823184472,3,1.0,0,False,967,111.29700934434953,-0.5957788467722194,0.4851482941256689,-0.03202688495793905,2.976409517428828,0.9136836092007943,1e-31,1.6610370044297607,26.020265863687523,0.16710614075753918,,,,,,,,,,,131.89112675512314
10,10,-75.49367461370878,35.39519431408346,16133131.999269094,3,1.2660936627128196,0,False,957,55.1489915773795,-0.6301862328569197,0.6028024207109253,-0.021612543772795655,2.7438509587425486,0.5648481378875017,1e-31,1.6616863877099484,18.154292872576082,0.1776463977555684,,,,,,,,,,,154.64014380246027
11,11,-75.49407899914607,35.39283533053455,16133396.054221181,3,1.2610367576017267,0,False,910,94.33979687212317,-1.0358930286253443,0.5458653339090846,-0.00837239555418307,3.0502028551187075,0.7287527777181261,1e-31,1.5355285518739636,32.95470380177686,0.2939386087657315,,,,,,,,,,,145.202582515341
12,12,-75.49442861866761,35.39073202102424,16133631.412816243,3,1.1371372101462518,0,False,851,45.73030736202545,-0.5115380573337948,0.3979266762247492,-1e-31,10.0,0.9561793716572706,1e-31,1.425965334608619,39.12229181410339,0.73725546836718,,,,,,,,,,,1.6405632147164066e-18
13,13,-75.49477309281724,35.38871230419248,16133857.4055358,3,1.39111672080506,1,True,1586,296.179572382252,-0.15816504918028698,0.3785588709314391,-0.07207514786133812,3.0087790498674796,0.5000000000000001,1e-31,2.027651991119912,20.108596805977285,0.1709529471307384,,,,,,,,,,,172.40452437890372
14,14,-75.49516604991925,35.38638664223017,16134117.628367672,3,1.195118949803599,0,False,1436,313.1595116127316,0.12656960813476428,0.2877223831972034,-0.10945660409696555,2.815213717470257,0.9557386282903382,1e-31,1.4135098593279658,39.288461639942774,0.946989865693531,,,,,,,,,,,215.0455499289969
15,15,-75.49556027508257,35.38409175593124,16134374.528735949,3,1.2202049721034467,0,False,1055,99.15991729373782,-0.4857873933269556,0.5168071232251207,-0.001742252060784718,3.097867517786916,0.4993375670568734,1e-31,1.7346796287319084,28.625115948079277,0.20134696553990913,,,,,,,,,,,153.5883776817265
16,16,-75.49603550593598,35.38136335228104,16134679.965137916,3,1.2816543813461203,0,True,1241,171.87144082532183,-0.23938282193635527,0.2846833174683304,-0.05846571731271006,2.9506470820632,0.773014149427788,1e-31,1.6870573572586791,27.300847030868173,0.20258842251232925,,,,,,,,,,,143.75755113664795
17,17,-75.49634032614505,35.37956098657933,16134881.684380138,3,1.4198449427130957,0,False,927,76.96612588879759,-0.5601041194990057,0.5097786050471278,-0.011915138658649155,2.967955078970268,0.7730115136423317,1e-31,2.16769775807444,43.848241893431805,0.20339772474148354,,,,,,,,,,,139.60007210173768
18,18,-75.4967398160535,35.37726994721028,16135138.154738067,3,1.0104217584430044,0,False,829,87.64257846825282,-0.7040957104347998,0.35980204284589723,-0.01610189376562762,2.932167898923954,0.5867584520588665,1e-31,0.859349820465962,5.133835542195617,0.12402402107032888,,,,,,,,,,,163.27785546067767
19,19,-75.49713721739093,35.37497237622136,16135395.339183299,3,1.0102482586157573,0,False,879,81.7220041244871,-0.5495698519097083,0.4268549196963683,-0.013539923257096024,2.923710006406233,0.8043343831151157,1e-31,1.6213421135432515,49.87499999999999,0.1490577724597372,,,,,,,,,,,163.5023921789559
20,20,-75.4975178770439,35.37273919964089,16135645.27993893,3,1.1179141837848914,0,False,998,127.15003168658087,-0.47229823885731087,0.37331155284991263,-0.04231093884210323,2.9171344730331072,0.9995592566330678,1e-31,0.9529415413758282,13.88469325025143,0.13898990298750435,,,,,,,,,,,150.36328144362173
21,21,-75.49790374241773,35.37052916808818,16135892.707523327,3,1.1488406049419597,0,False,1123,134.64722616583387,-0.9075983438312037,0.40380406100922034,-0.05808231289926179,2.7686695304792215,1.0100723524590898,1e-31,0.19726065066670295,11.877389646200973,0.031063708122736778,,,,,,,,,,,189.15528905622074
22,22,-75.49826200776334,35.36844735136634,16136125.686486289,3,1.2785659830427618,0,False,1161,158.78801593761446,-1.096294031869046,0.29887991648152157,-0.044854781422492475,2.9610554312859567,1.8805990841530091,1e-31,1.7772572430792573,35.55392572666127,0.3968028242854882,,,,,,,,,,,158.39354975407872
23,23,-75.49865180748517,35.36616461172581,16136381.219181728,3,1.1354217912703608,0,False,1170,151.5897546622262,-1.1621156022799186,0.2872835859474028,-0.008971853185689056,3.104945926716514,3.145478227702017,1e-31,1.5952160382378258,23.974121187397902,0.1423745121402362,,,,,,,,,,,197.74815274745157
24,24,-75.49905274041602,35.36391672951883,16136632.933055457,3,1.0928742013923791,2,True,1254,181.30785918513962,-1.4554250366615418,0.2953894301137179,-0.048238221955273566,2.901254793274022,2.7677899740049545,1e-31,2.468329582209831,49.84020581356619,0.21659919617709286,,,,,,,,,,,202.98363282302338
25,25,-75.49945162047112,35.36157234092667,16136895.31562719,3,1.2041514706405254,0,False,1199,116.69298020420041,-1.434160086213151,0.3155366425321112,-0.02007369326946567,2.953698158542872,3.091362239431276,1e-31,2.3670857875254483,42.863357527869375,0.26562950062467006,,,,,,,,,,,188.89658093250347
26,26,-75.49981052838027,35.359504873347774,16137126.70718996,3,1.232280022594254,0,False,1370,175.4211235765817,-1.6348000416060562,0.3134201629652283,-0.039653778879869914,2.9098319373316115,3.288599747651717,1e-31,2.123202516072261,19.210125266872655,0.14990965889442223,,,,,,,,,,,222.5350162476813
27,27,-75.50020333617276,35.357230597555564,16137381.314294169,3,1.0393829948808635,0,False,1277,174.4031516422302,-1.3307419378991299,0.2666410654254381,-0.03226618392774349,3.015289481824911,2.374669113001619,1e-31,1.2023498095735041,10.031622280598006,0.21741214920149868,,,,,,,,,,,184.25933817147978
28,28,-75.50059354453909,35.354923119242734,16137639.53677331,3,1.0770104225357688,0,False,1251,51.59888525017324,-2.3597918485296656,0.9264556370473855,-0.015096207222153612,2.6898211855472436,4.792277367612103,1e-31,2.179970931670636,16.62981191563679,0.22671935475741392,,,,,,,,,,,193.5104954348593
29,29,-75.50098433614826,35.352660415640514,16137892.888827385,3,1.5283560013265318,0,False,1263,247.91505128572774,-1.3581605654311657,0.2801294514082265,-0.051658776817974775,3.0057532179038153,1.5674952338745523,1e-31,2.1749324130311893,48.35490454708554,0.5810599695587005,,,,,,,,,,,194.0044980238087
30,30,-75.501360521448,35.350440257446124,16138141.294791328,3,1.246353515988263,0,False,1488,130.32248545596826,-1.4237521640427266,0.29185820911923455,-0.008642085237579936,3.039146997703707,6.43162591517704,1e-31,8.05577424900211,12.000036784769238,0.06180936164723781,,,,,,,,,,,210.49577949461798
31,31,-75.50173624037049,35.34820003587173,16138391.927012218,3,1.1323924430179944,0,False,1300,161.47314395749336,-1.625354415344585,0.34657837236667827,-0.010081637485685777,3.104636889636837,2.443266205293502,1e-31,1.9192186656667731,31.755609384448082,0.3187338543910944,,,,,,,,,,,206.21911223919003
32,32,-75.50209983880673,35.34608017267589,16138629.235043919,3,22.650072734187283,0,False,1579,61.517314921977565,-4.713677123990665,0.3228571159599114,-0.05956744814670776,2.242478062927811,5.794483720232222,1e-31,72.85030122162834,-1.8208702397429504,0.5111836300666995,,,,,,,,,,,321.04960087383296
33,33,-75.50249118195345,35.34375740566785,16138889.145884989,3,1.2642704720471907,0,False,1967,127.60369974395569,-2.323629647255219,0.5655399286520782,-0.037750236737859585,2.6770877232458865,2.45706481206932,1e-31,1.5051712483078659,11.082856540212681,0.11864142027142023,,,,,,,,,,,319.60281808626894
34,34,-75.5028571856648,35.341592596086265,16139131.410112256,3,1.343065604032333,0,False,2022,139.8893185107794,-2.655270013848465,0.7407394442751198,-0.03465001924370183,2.75670482486329,1.5201460228109074,1e-31,2.8659084114358526,49.09972915006306,0.23690631415241944,,,,,,,,,,,297.3889071406253
35,35,-75.50322210259728,35.33934955070616,16139382.313800622,3,1.19185164609936,0,False,1696,115.98042114909822,-1.0021241936208225,0.797570952219879,-0.04365548298422483,2.673116409349877,1.4767661378351102,1e-31,1.9648415246313191,45.477996966786314,0.8445269178109281,,,,,,,,,,,261.4811228622811
36,36,-75.50359790356876,35.33708185845193,16139635.969252678,3,1.0328708584714232,0,False,1538,216.31410383812502,0.6051770039581882,0.3662673313957842,-0.11365509258951728,2.5227475147149754,1.0004407433669325,1e-31,1.835999199546289,34.35510570727867,1.9564772845542093,,,,,,,,,,,315.67799354518985
37,37,-75.50396476992681,35.33485426542524,16139885.191642985,3,1.3834420815665138,0,False,1183,168.46854845696714,0.7240807045344929,0.31731310567128995,-0.12002149584622844,2.3730504241449335,0.9557386282903382,1e-31,1.7971274545911595,19.309100836931158,0.20134078601865396,,,,,,,,,,,334.18223663030375
38,38,-75.50434519609763,35.33255292694297,16140142.674426978,3,1.0003238216675066,0,False,1182,170.08643605319617,0.7293497163407662,0.31939642960948916,-0.10846289980153999,2.467153439891144,0.7495585976867036,1e-31,2.6045208142296326,39.464957671732044,0.36000416775189825,,,,,,,,,,,298.0227543869061
39,39,-75.50467696874668,35.330446650811616,16140378.159121424,3,1.3003181635955694,0,False,1219,166.02258520369037,0.7019017230752183,0.29986953082882717,-0.10084379959418611,2.4844137980302663,0.7822036972602847,1e-31,2.5046244793780494,34.738801097508386,0.5424250195309384,,,,,,,,,,,296.9372298443839
40,40,-75.50504661784132,35.328180046323105,16140631.623148736,3,1.0919655887854913,0,False,1015,121.53060462478865,0.6975022680706691,0.28559677411132384,-0.08750141233386095,2.440503756279525,0.9993388849496017,1e-31,2.060299347617685,20.19531430149407,0.19955668444194705,,,,,,,,,,,276.11673191612647
41,41,-75.50541574737942,35.32589082933886,16140887.693860348,3,1.0100543820939347,0,False,1066,161.7970319557462,0.7192997886806306,0.29521461808365973,-0.11534870592270667,2.384705759389248,0.5880820000523916,1e-31,1.6285147658537427,41.67579288499477,1.648387919257099,,,,,,,,,,,322.6003726195188
42,42,-75.50575917990544,35.3236886104027,16141133.897450674,3,1.010266264221677,0,False,1048,164.7053533056084,0.6706285466149304,0.2996320402785249,-0.1110515322109455,2.463020975039879,0.773014149427788,1e-31,1.445427904007185,10.583165018617557,0.020430501196766516,,,,,,,,,,,281.5211091218229
43,43,-75.5061231718489,35.321411079405514,16141388.563546583,3,1.164325843420051,0,False,1133,164.9549374962905,0.700622519263942,0.3176307604404694,-0.13527728603287417,2.323452549043395,0.7502197127371022,1e-31,1.609867491385767,31.997178161181616,0.5662658328282675,,,,,,,,,,,324.86615755958996
44,44,-75.50647176229124,35.319179307996734,16141638.056479184,3,1.072177057868496,0,False,1058,162.50233080550623,0.7600875607187653,0.32261258135368936,-0.110419337070645,2.482854191981563,0.5210275095447721,1e-31,2.2514136800820372,47.423986232027545,0.6569132509642529,,,,,,,,,,,270.46796925060727
45,45,-75.50682404103377,35.3169597235455,16141886.258177977,3,1.009466973334962,0,False,1090,196.39002943335336,0.7289079872885355,0.3010958054866891,-0.12250298533873957,2.4842591174292137,0.7274279118318727,1e-31,1.9631258860948189,31.198682612204777,0.3664479973904341,,,,,,,,,,,291.4141481384492
46,46,-75.50716404308866,35.314745321257924,16142133.760515133,3,1.0688136161057276,0,False,1080,178.11452061995237,0.7161851640684779,0.3270342800236846,-0.10782089764205396,2.586884775316922,0.7269871684649404,1e-31,2.666980697910419,25.061596484871597,0.22719281797563395,,,,,,,,,,,233.06594173505414
47,47,-75.50752313096731,35.312490174067165,16142385.913096637,3,1.007290988349054,0,False,938,141.7726332579337,0.6796780140041355,0.2932299806362897,-0.10089442826078533,2.3940253260485402,0.5013235479935253,1e-31,1.4513474113729816,17.194102207659466,0.15315737481551023,,,,,,,,,,,313.8866972726736
48,48,-75.50788550266296,35.31013985011204,16142648.626780652,3,1.0736145660595693,0,False,935,126.3959178481204,0.7389148386162144,0.32031158601228593,-0.13186137715955873,2.275908933159973,0.63650641576753,1e-31,1.8895674993818363,29.05174637145976,0.4546271683330632,,,,,,,,,,,285.9708836948357
49,49,-75.50820093171968,35.30806715522592,16142880.27428853,3,1.0,0,False,1051,150.57791917228846,0.7224133859309307,0.34212082611615413,-0.12119920464495733,2.4055828735798226,0.7278686551988051,1e-31,1.6039317569185538,27.1022577235648,0.5109621779469636,,,,,,,,,,,275.9838339377858
50,50,-75.50855685925214,35.30578759463785,16143135.116996884,3,1.0275396777544459,0,False,1106,158.65539076479612,0.8055940673213662,0.3335413054973338,-0.10474197802248053,2.452469863605962,0.7300750078189232,1e-31,2.019820076995846,48.82255981325536,0.7612599194188328,,,,,,,,,,,301.4660610420191
51,51,-75.50889732552676,35.3035940370447,16143380.311650442,3,1.2241669648378481,0,False,951,111.62556621592972,0.7710596575655225,0.34082667647879406,-0.07715829741915417,2.5203426236310085,0.9136836092007943,1e-31,1.1353062952254205,13.181699977047488,0.14817321811795925,,,,,,,,,,,233.5850934895138
52,52,-75.50923767053152,35.30136535127862,16143629.381942708,3,1.1535200383979645,0,False,938,117.42106341605262,0.5855502218365747,0.335470219495798,-0.08859463910483174,2.444330233641713,0.543158195399603,1e-31,2.3214199822366113,13.968669570329666,0.11802318017866502,,,,,,,,,,,261.4586851432025
53,53,-75.50960513645202,35.29904606661863,16143888.727349386,3,1.1444336324506164,0,False,838,71.61658584654306,0.7264414457147464,0.36172357687435225,-0.053496624278872154,2.576553090770024,0.7712485401746023,1e-31,1.8241921356934416,31.51746526939164,0.847201691776517,,,,,,,,,,,178.18814691238657
54,54,-75.50994043333367,35.29682196195715,16144137.275034823,3,1.022672443372635,0,False,991,115.16063051564808,0.7098312306889647,0.334075982617831,-0.09981414492688723,2.3527581774687225,0.9977936473798821,1e-31,0.5633488377980095,16.949698068037947,0.32757256073748897,,,,,,,,,,,287.4242885566896
55,55,-75.51029191655391,35.29462883816247,16144382.50001267,3,1.37536265938511,0,False,1030,148.7224645887306,0.7484573183011223,0.3098248535254442,-0.12805148332327587,2.3174383585758243,0.9147854676181252,1e-31,6.157015055310796,30.240834933403534,0.003601864865403273,,,,,,,,,,,314.8482374118018
56,56,-75.51063112557539,35.29240715811233,16144630.80569694,3,1.0729967962229936,0,False,989,139.68984034536197,0.7374769648519449,0.3361163085399736,-0.1175758961971626,2.278973023735032,0.5227931187979578,1e-31,1.3587997989721625,13.772523797230528,0.06510996667285728,,,,,,,,,,,353.032630439917
57,57,-75.51099661188005,35.29013376657277,16144885.062723339,3,1.1388823071427914,0,False,968,139.33605409018287,0.7925073518991822,0.33293542488787337,-0.0940098949071563,2.5290189540015784,0.707723950280626,1e-31,2.0114442183200936,42.7076020027212,0.424816352199048,,,,,,,,,,,236.965628998028
58,58,-75.51134041922984,35.28794562587418,16145129.683102494,3,1.237386316091181,0,False,1090,139.87079047594128,0.7486814727089227,0.35949046226420167,-0.10714155461222698,2.4729446072108714,0.7493382260032375,1e-31,2.1919586244866487,22.33655565285388,0.17178635338214057,,,,,,,,,,,241.07865057513126
59,59,-75.51170643741517,35.285623334976876,16145389.377527762,3,1.1191733865591778,0,False,1013,104.48230554265024,0.761002850592237,0.3190707172034105,-0.07138360502045203,2.5292198766254406,0.7495585976867036,1e-31,1.514669154738183,23.436687240481493,0.17315032304307573,,,,,,,,,,,232.6412409195746
60,60,-75.51204983859337,35.283455823583495,16145631.705232011,3,1.1132132179831673,0,False,1003,62.08854582868314,0.7705722581991021,0.32213708330758967,-0.075097416742931,2.2102391711299934,1.0205867661778398,1e-31,2.1210731651411736,42.78857445012482,0.6153937748600566,,,,,,,,,,,279.6055230651499
61,61,-75.51241791403245,35.28116942793442,16145887.43749557,3,1.0097568223770663,0,False,961,84.77784827357411,0.6221340733828841,0.32366283130688,-0.07339139105983002,2.4222738114054665,0.977648942461703,1e-31,1.632125521858346,47.25998391004729,0.838725153670186,,,,,,,,,,,237.17610003203964
62,62,-75.5127744077127,35.27895155676815,16146135.35637107,3,1.0185183686559474,0,False,924,98.67042236750532,0.7578781090126422,0.34458163284791926,-0.074880197261185,2.5480174109787943,0.7173555593727832,1e-31,1.6031862483498214,31.73175819029391,0.6858661345042049,,,,,,,,,,,197.91683618136994
63,63,-75.51314050622827,35.27670482827676,16146386.750263833,3,1.1489709083298592,0,False,1060,143.3273196118768,0.7395897229961649,0.3290615574138468,-0.13372338595175087,2.2792088079032506,0.7173555593727832,1e-31,2.0449521786727427,31.549245919277904,0.25646633111327527,,,,,,,,,,,318.31635876958
64,64,-75.51351234537401,35.27441808168183,16146642.421149718,3,1.0088324430012472,0,False,1108,168.6198380768791,0.6277378050833438,0.32224958457515834,-0.11551531115066835,2.4856509933317947,0.5438193104500015,1e-31,1.6040013537918847,20.322653346400685,0.1439866144232603,,,,,,,,,,,262.72312608185325
65,65,-75.51386986733456,35.27223699561809,16146886.436243791,3,1.533675593094809,0,False,1107,168.17691889327543,0.730921614052713,0.32142892813858454,-0.09461131563098267,2.594663787200947,0.707723950280626,1e-31,0.9653057122837548,9.903925057891536,0.04207772551066636,,,,,,,,,,,244.45943257947306
66,66,-75.51423850660915,35.27000782156429,16147135.860390047,3,1.0843799069434392,0,False,1091,142.85343410393583,0.6575702619536363,0.34249558234642485,-0.13168559621069204,2.2949201114220017,0.77080779680767,1e-31,2.004407154046328,46.87198914227573,0.591260335004302,,,,,,,,,,,308.8825589294743
67,67,-75.51460044787986,35.267786322444806,16147384.331870656,3,1.1497831046421971,0,False,1134,175.11465437197455,0.6658870018212049,0.31387879102635396,-0.1095035007932424,2.4372465482568066,0.7072832069136936,1e-31,1.9371541660128357,40.10720931369334,0.29270762104747167,,,,,,,,,,,324.0506158314112
68,68,-75.51497938386541,35.26554014739763,16147635.688244328,3,1.1130097406603519,0,False,1058,146.4760781982339,0.7627209795871528,0.33133479562244267,-0.11348196132025229,2.4748381722467627,0.7394862452276142,1e-31,2.0121312653611643,23.633465168060546,0.2007685503437064,,,,,,,,,,,242.77386466363635
69,69,-75.51536936134359,35.2632545644205,16147891.502996152,3,1.1424119652146527,0,False,1157,170.65760991508222,0.8091605965669681,0.3267208124037517,-0.12457375743948963,2.4608166038912813,0.5232338621648901,1e-31,2.1357980498038605,24.354843458346565,0.18315935041503736,,,,,,,,,,,268.4536158494537
70,70,-75.5157234748093,35.26112549288693,16148129.684419774,3,1.2342842403779617,0,False,1160,181.58855064542198,0.635527794017133,0.31811413830106916,-0.11866111624695423,2.5556864726036235,0.707723950280626,1e-31,2.0065850711608513,30.915442404653618,0.45629719324184664,,,,,,,,,,,231.46729078334135
71,71,-75.5161117041367,35.258797653577176,16148390.083414352,3,1.0442778676553501,0,False,1072,142.46172834154433,0.7712075001772969,0.3586832122005139,-0.10801801024460006,2.419962714939568,0.7182370461066478,1e-31,0.09991303046418552,1.9887719969767046,0.0031034464724166017,,,,,,,,,,,277.34186804324145
72,72,-75.51648526205182,35.25662856041573,16148632.907725317,3,1.0502180018963723,0,False,1052,130.22863518029845,0.8193262884617352,0.36405334924049826,-0.10406811495202241,2.3842659374260804,0.7287527777181261,1e-31,1.6581729401537066,0.8193281642259902,9.260360055163286e-09,,,,,,,,,,,287.943761357811
73,73,-75.51686303107645,35.25437142241745,16148885.497316448,3,1.0087588356106236,0,False,1105,141.10348387628898,0.7217782770058813,0.3685165906353455,-0.09642108223830118,2.4666460699444452,0.572343410910808,1e-31,2.0004505157023793,21.5223020865513,0.1580956845038503,,,,,,,,,,,273.5657341588418
74,74,-75.51724261496422,35.252165487466605,16149132.422301004,3,1.0506624543074103,0,False,1017,133.11992433735955,0.7018669611765926,0.3315060264287477,-0.12276939855678674,2.380047230211016,0.5429378237161369,1e-31,1.5476630069790693,48.61270628494041,0.634555672809564,,,,,,,,,,,254.403440174843
75,75,-75.51763192394198,35.24988403906554,16149387.782407628,3,1.024540910565046,0,False,991,127.1911029822231,0.7490648047180132,0.3322222627457415,-0.08966689054579625,2.5344478513903974,0.739265873544148,1e-31,1.841446038172234,43.46050507302983,0.8335969929971629,,,,,,,,,,,227.48047469335503
76,76,-75.51801275131655,35.247652185397094,16149637.467226826,3,1.1452356506211745,0,False,1003,114.48107155971817,0.6851035579039967,0.35564724576173307,-0.10569218084996357,2.4293735163039614,0.5424970803492045,1e-31,1.7419128999013722,26.73560529855751,0.21717663060377695,,,,,,,,,,,226.37741543687443
77,77,-75.51839585548021,35.24542525566253,16149886.709681094,3,1.1352337435270625,0,False,975,113.8802396286895,0.7186734831278854,0.31383732815763743,-0.08190749219789337,2.4503140034818918,0.7495585976867036,1e-31,7.747022493736486,3.5177550944978515,0.0600127278882113,,,,,,,,,,,270.8471269442435
78,78,-75.51877535878646,35.243214243024134,16150134.283811597,3,1.2777251990607312,0,False,1065,127.79485969187687,0.853877586087207,0.3442880461819573,-0.1087350937670028,2.471767490731423,0.77080779680767,1e-31,2.1411461921992347,26.286852039415134,0.34269754973933925,,,,,,,,,,,219.31891986183075
79,79,-75.51915737705605,35.2409605397843,16150386.505763244,3,1.1992104147272584,0,False,962,106.12127850921067,0.6387227139546219,0.3674904597789523,-0.09650608204870188,2.381014191569268,0.7725720881681275,1e-31,2.5009213539336446,21.34804090058238,0.19126483209895756,,,,,,,,,,,256.3118165191676
80,80,-75.51953786033009,35.238773070728094,16150631.346653065,3,1.0541704724515084,0,False,946,104.31111110212231,0.6910954829090858,0.3230257351910152,-0.09438087023207403,2.399189648285203,0.7278686551988051,1e-31,2.3112176280127,44.10453156382573,0.23531185983320427,,,,,,,,,,,245.2986471958593
81,81,-75.51993490252077,35.23646306235445,16150889.96002268,3,1.295364203609879,0,False,1007,128.7354305780205,0.7953914195834811,0.312984535919734,-0.08432064086286753,2.5176962743043836,0.5898462914128493,1e-31,2.229070348865979,27.646909497266055,0.19704082319751764,,,,,,,,,,,254.14617740969118
82,82,-75.52031916771324,35.23422645886974,16151140.301574541,3,1.0089133937886172,0,False,1060,116.0993081465604,0.6707701246888236,0.3642542068695316,-0.08468238609342996,2.4488392534049632,0.9351531800052267,1e-31,2.0009141614950456,16.716575821937838,0.08091420743563034,,,,,,,,,,,270.39546126104005
83,83,-75.52068810549159,35.23208243253152,16151380.278251342,3,1.0986025507361867,0,False,1102,162.2581723831557,0.6922493553365358,0.31924289541547857,-0.10971564236504436,2.4777372068705055,0.7072832069136936,1e-31,2.291601288675525,41.20282142738031,0.503482969219743,,,,,,,,,,,272.8678473797104
84,84,-75.52107277828867,35.2297905820935,16151636.757040385,3,1.0004042551436405,0,False,1015,107.41294679194786,0.6868074746293261,0.3193691502857515,-0.08866680541672876,2.445445965276267,0.7300750078189232,1e-31,1.8665898399216074,45.784496620078,0.49078980102730746,,,,,,,,,,,239.65733559092314
85,85,-75.52145529037935,35.22758015931653,16151884.17019081,3,1.073684829523665,0,False,1023,106.02143338545908,0.670344115826801,0.321804068552477,-0.07579992023141428,2.4828772476184735,1.0026444602015943,1e-31,2.9619578596506,13.028979336135773,0.062079083813698505,,,,,,,,,,,249.4535529161697
86,86,-75.52184590188189,35.225266228116425,16152143.108588848,3,1.029930380416644,0,False,965,90.66149922593378,0.7268405279701845,0.3302530099938846,-0.08805812308317078,2.3648535406670863,0.8150691685173319,1e-31,1.7911104838130987,48.910091916277075,1.1921150605886928,,,,,,,,,,,248.02277830209584
87,87,-75.52221070666539,35.22309609050404,16152385.932233742,3,1.1031182253618552,0,False,978,79.07928723575967,0.6941620059140409,0.3593263100058391,-0.06854084247040873,2.4239805874104987,0.772130026908467,1e-31,1.2696341019745068,40.58812858181171,0.7018417557978719,,,,,,,,,,,236.75354577908263
88,88,-75.52258961242181,35.22083484978809,16152638.976375256,3,1.0972506870941046,0,False,958,100.50944960581677,0.6898937819460501,0.344131318815867,-0.09156524737613964,2.3769995791568297,0.7944810844467641,1e-31,1.9760107545160057,48.23270465798781,1.303231829619095,,,,,,,,,,,257.5031353242139
89,89,-75.52296534721455,35.218588338546546,16152890.268616393,3,1.0772545528595843,0,False,987,98.73770913906056,0.7199773005551561,0.3503663698495659,-0.06697078398214085,2.5601772235878086,0.6853728927423288,1e-31,2.414099469045777,36.09960640272087,0.3074743787811106,,,,,,,,,,,215.5527014719986
90,90,-75.52334030947753,35.21636093028614,16153139.5757137,3,1.099916478298157,0,False,1044,139.6702795995107,0.654623528018268,0.3144604069725916,-0.11456412971062557,2.4200184923958634,0.5455849197031872,1e-31,2.1392886153561532,45.0041602832612,0.34139924428227897,,,,,,,,,,,257.33626398798265
91,91,-75.52369851665651,35.21415188484144,16153386.657447873,3,1.5937768146648637,0,False,1100,143.9956334485263,0.7748716477782406,0.36650915207802776,-0.11275360547727852,2.4201305614632056,0.6369484770271905,1e-31,3.168725086056358,45.94627422978769,0.3630742359833034,,,,,,,,,,,269.2915024642481
92,92,-75.52405770687866,35.211939042201095,16153634.152957248,3,1.1241067782382075,0,False,1024,142.07098268245085,0.7566394744452949,0.3444339932294792,-0.1171321394361496,2.4213637921746827,0.4995579387403396,1e-31,1.9578692578498467,30.00883062510786,0.33802620705423964,,,,,,,,,,,260.5350053290677
93,93,-75.52441464790967,35.20974719582172,16153879.278048512,3,1.2177483325798648,0,False,1078,163.73288309094633,0.6940240027263949,0.3119724054057888,-0.12250340643434651,2.468167013035804,0.5433785670830692,1e-31,2.303186672062454,41.01054859119236,0.4867084749032745,,,,,,,,,,,252.43275811059726
94,94,-75.52477957097582,35.20747380768132,16154133.544570774,3,1.3308346490838185,0,False,1100,170.305980029001,0.7068443649977812,0.2931362339684375,-0.10953566665287688,2.4766641440790647,0.7285310881419318,1e-31,0.08999611540786871,10.43192980309952,0.016614482377228887,,,,,,,,,,,286.04078962661174
95,95,-75.52513495842001,35.20522256549435,16154385.258107092,3,1.0137363460067577,0,False,1052,140.71490683200742,0.6913907790228342,0.33285861883718165,-0.11513711293282439,2.44848699681308,0.5232338621648901,1e-31,1.348346657086333,25.89441424865585,0.41607925775406424,,,,,,,,,,,243.24151333670272
96,96,-75.52548082929817,35.203056857491866,16154627.447790436,3,1.0358180064192295,0,False,1062,128.8396026418391,0.7499891313894533,0.32205960558930036,-0.09445232249926103,2.4746971870056806,0.77080779680767,1e-31,0.7426389550674002,8.331039679649882,0.04118700604592835,,,,,,,,,,,253.80759605172943
97,97,-75.52583291837004,35.20074396982181,16154885.92596158,3,1.1301729040545807,0,False,973,136.62803500839144,0.712479750071842,0.3150821252987079,-0.09004082767526622,2.586627214182191,0.5867584520588665,1e-31,1.68635133937081,43.94813182530146,0.49239090752222864,,,,,,,,,,,211.75096771544798
98,98,-75.52617037149648,35.1985611864737,16155129.898982083,3,1.1371783020111803,0,False,991,116.60123457687318,0.7159659957733074,0.33332810314928807,-0.11033146605105182,2.3310365752509163,0.7278686551988051,1e-31,1.850756862505723,33.30963185218372,0.31130043832828735,,,,,,,,,,,277.797513997502
99,99,-75.52652018362332,35.19626225804535,16155386.79244523,3,1.3632574188213231,0,False,968,132.06909275575933,0.6997531144750839,0.303280735793001,-0.08331754207962055,2.5652799804963906,0.6145961015961652,1e-31,6.360777323123172,2.621938294313975,0.4509512523739844,,,,,,,,,,,231.54526797695465
100,100,-75.52685333466141,35.19406145724156,16155632.814269934,3,1.035572775377386,0,False,954,101.0484008235576,0.66471634458748,0.34202369262902327,-0.09378033504505294,2.3974947282070764,0.773014149427788,1e-31,2.0757107106397403,26.75008774907539,0.33995161081380226,,,,,,,,,,,240.47262702073823
101,101,-75.5271935192915,35.19179606182562,16155885.872471582,3,1.2696306277213179,0,False,979,89.1028115385414,0.7474369367747759,0.3372658504707696,-0.06340743249989733,2.5558472605417517,0.7291922031923302,1e-31,2.088860709448259,43.69307838460097,0.315816009731486,,,,,,,,,,,205.9704457125004
102,102,-75.52751525370967,35.18961967284579,16156129.041924285,3,1.2567674369789001,0,False,928,90.41990054875748,0.6385117834192799,0.28393260523546465,-0.06919779666876391,2.53229106746559,0.7493382260032375,1e-31,1.8560779520795465,22.759045578260533,0.26569354230649056,,,,,,,,,,,205.99436608912544
103,103,-75.5278532479672,35.1873190987311,16156386.091753203,3,1.1936221642692304,0,False,979,87.52138001990463,0.6845823101768329,0.3188529702483673,-0.0452647764906409,2.6281705933215838,0.7725734060608557,1e-31,2.5107973992908206,45.67071975506225,0.25511944509384366,,,,,,,,,,,217.62239796450467
104,104,-75.52818808372862,35.18502255424023,16156642.60543358,3,1.2746516360779863,0,False,935,84.0438504076357,0.5899428235104791,0.30651526083090774,-0.07500807664280836,2.4370727838314417,0.761396559398979,1e-31,3.314032998613607,6.679768252968896,0.1672132168604692,,,,,,,,,,,225.53587476479277
105,105,-75.52850295221363,35.18281039779062,16156889.562507033,3,1.0202578743950617,0,False,1007,111.77794936677881,0.6917010996561582,0.31629528801448564,-0.08220766188638862,2.52295886230039,0.7497789693701699,1e-31,2.3923625517198537,5.24352577407414,0.059855504331614615,,,,,,,,,,,221.19888530706908
106,106,-75.52883826090792,35.180544616471686,16157142.732661417,3,1.2699641123304095,0,False,978,135.24016959913732,0.6412491537583062,0.3058379595248296,-0.0479639810119235,2.8413739136572107,0.7068424635467613,1e-31,6.572135890521665,0.6412491537583175,1.9420435221443615,,,,,,,,,,,179.76838846323517
107,107,-75.52914171692481,35.1784159221685,16157380.445271492,3,1.0179621260339327,0,False,982,118.5850489992053,0.679458592923691,0.30539664253628523,-0.08672856816529881,2.514762420509426,0.7488974826363052,1e-31,12.082892143516156,5.2432696234163485,0.060723609693008634,,,,,,,,,,,227.07770481407988
108,108,-75.52946402527587,35.17616877496547,16157631.444766758,3,1.0294862913760594,0,False,994,108.80812640748194,0.6982457188699066,0.30569565125547526,-0.06690419279039492,2.577727215823084,0.7716892835415347,1e-31,2.253052090820209,38.88743712688355,0.3090207047748924,,,,,,,,,,,225.28116491015857
109,109,-75.52978811993972,35.1738876565049,16157886.14252597,3,1.5410629642865254,0,False,924,106.16357602624649,0.659047227872693,0.3202668165244215,-0.08937809504033971,2.4666932671114257,0.7493382260032375,1e-31,1.2383711327217974,5.31856560974536,0.126993343852698,,,,,,,,,,,222.76151637342807
110,110,-75.5301087207112,35.17160923752364,16158140.565799586,3,1.2505965946987474,0,False,928,97.01271552237738,0.7630939766017094,0.3152211737189384,-0.06633228973648495,2.5474177084182235,0.7725707702753993,1e-31,5.171818225223187,3.474279859659663,0.26528666283954583,,,,,,,,,,,219.8671993822316
111,111,-75.53042408034906,35.169433316410775,16158383.632811114,3,1.1819552922484082,0,False,924,114.32001857682296,0.7093894738807118,0.310226671163261,-0.09355338315446643,2.4723857466025434,0.4991171953734072,1e-31,2.7833472083847437,34.1922071754283,0.33536901620402615,,,,,,,,,,,227.05273907273317
112,112,-75.5307474869666,35.16711070630913,16158642.84617945,3,1.619387851986417,0,False,817,105.25480563365458,0.6843705064918537,0.30376362545411345,-0.07994148315575605,2.534865716225516,0.7068424635467613,1e-31,1.2749302775839297,5.3615393228152755,0.20192361103197853,,,,,,,,,,,206.80482349083036
113,113,-75.5310629703508,35.16490473726718,16158889.227648677,3,1.341927570057578,0,False,830,126.96606090746697,0.7391393395586271,0.298151887349087,-0.06571937352469426,2.71002812420223,0.46779696168607954,1e-31,2.7143025832199466,7.8903310448264605,0.23729868654563166,,,,,,,,,,,188.93074428628847
114,114,-75.53137905508119,35.16263025168805,16159143.232450211,3,1.4953506741907479,0,False,879,133.53697790827331,0.6212097300389904,0.2985039650197856,-0.0703412846756729,2.7168818342035945,0.500882804626593,1e-31,1.5371818321548802,8.043097740651964,0.14052148738347606,,,,,,,,,,,182.36642659530972
115,115,-75.53169610491462,35.160460813308255,16159385.547023272,3,1.2292967667839305,0,False,941,164.71190061416004,0.6418477951140481,0.29925564245959047,-0.08077569352072488,2.7702067476035763,0.47853174708829577,1e-31,1.6216887456769922,13.848541053282732,0.14057170498157553,,,,,,,,,,,171.930126819533
116,116,-75.53201192910997,35.1582314201418,16159634.490148684,3,1.395246257672126,0,False,939,142.51499904848168,0.6596245608147763,0.31227160068394383,-0.08875515949729389,2.6739543338912863,0.500882804626593,1e-31,2.06410222659465,9.443545552597998,0.12136841688349741,,,,,,,,,,,177.41716888740197
117,117,-75.53233685775344,35.15594907761569,16159889.393289216,3,1.092457684907105,0,False,909,121.86060180368483,0.7116117879534465,0.3343560497596843,-0.06736792825664797,2.670805569816479,0.4991171953734072,1e-31,1.4678796788309822,7.911505937895709,0.22892415010734088,,,,,,,,,,,198.0144996294222
118,118,-75.53264792294165,35.153789560094836,16160130.53616055,3,1.0,0,False,892,124.12101700926469,0.6603732887693214,0.31453071819047196,-0.08523520237963962,2.5689064796230685,0.5227931187979578,1e-31,0.25086445550328906,2.665873537654426,0.015491396192934156,,,,,,,,,,,210.90069902584256
119,119,-75.53298553713721,35.15145418378802,16160391.363241583,3,1.1313565621726382,0,False,895,115.9499487286143,0.6432622816464512,0.31772732693911343,-0.07865486551466531,2.5682399051447407,0.7068424635467613,1e-31,1.9633249832681476,17.04145190559346,0.13998072158470531,,,,,,,,,,,212.44874854580868
120,120,-75.53330343341486,35.14916507245595,16160646.939121434,3,2.2220492391983564,0,False,969,140.3901683321854,0.6713883954680402,0.29792883952737415,-0.08913282009108611,2.64157038723903,0.707723950280626,1e-31,2.527782462162592,4.044725684228672,0.18924271379387053,,,,,,,,,,,189.1085626302329
121,121,-75.53362057229211,35.14704141547078,16160884.272331975,3,1.3676697557995308,0,False,907,134.3766552624292,0.6952753732694967,0.31212436884139094,-0.09129935002448156,2.559877022630106,0.47853174708829577,1e-31,1.6254350956171475,8.773998946450256,0.18764339582187833,,,,,,,,,,,219.53533252886024
122,122,-75.5339494198449,35.144719496517844,16161143.513986122,3,1.0277419964635828,0,False,961,142.7947711002481,0.6657674354097647,0.31349204992075064,-0.09487893701211185,2.622076062878783,0.5429378237161369,1e-31,2.0271450353878886,26.432584993458732,0.25913553125067296,,,,,,,,,,,191.319474193909
123,123,-75.53426756109594,35.142527773273144,16161388.3309848,3,1.1759917937717856,0,False,922,132.64435123107103,0.6789961774535824,0.3208039072368702,-0.07681069096657978,2.6495936639960904,0.7081646936475584,1e-31,1.0671896116901727,19.30159371322881,0.37352394108334996,,,,,,,,,,,201.9489914602317
124,124,-75.53460142236979,35.140262193600314,16161641.341454934,3,1.5755611902520381,0,False,965,150.0411885676895,0.7015213563862545,0.3124416146746819,-0.06752777939664328,2.762116054542117,0.7497789693701699,1e-31,2.018628560737304,13.844371614308162,0.15447804028038084,,,,,,,,,,,189.34605674608514
125,125,-75.53491888168585,35.138087434716766,16161884.352993822,3,1.06732055105694,0,False,904,129.66454139185572,0.7073149837306741,0.35251339945759114,-0.07098999067936537,2.7034433342572863,0.47985397718909284,1e-31,2.53704636623678,42.315971252887,0.24038050601119101,,,,,,,,,,,181.76175888735696
126,126,-75.53524979436085,35.135798198994294,16162140.037910173,3,1.0765616771633844,0,False,856,130.74108343111607,0.7378925501545366,0.305630204314781,-0.0821029940654081,2.6764370420585433,0.4892652145977838,1e-31,3.086005272928493,4.000078956248162,0.37824756536440496,,,,,,,,,,,174.7547152726634
127,127,-75.53557184527206,35.13362986293839,16162382.306968272,3,1.889751901391353,0,False,924,147.05866180327425,0.6772682641025086,0.3170984240571975,-0.10232060606009741,2.6080230529648682,0.47853174708829577,1e-31,7.572702134861357,4.245718495204061,0.06403016348934046,,,,,,,,,,,190.42679060373564
128,128,-75.53591052098146,35.13135823043566,16162636.113592612,3,1.082553030612257,0,False,921,132.9855023095931,0.6499670237455615,0.31346394279357254,-0.09455002288613892,2.548937504197002,0.5210275095447721,1e-31,3.5882172044437906,3.654383790918335,0.20083422549240232,,,,,,,,,,,215.19011067672457
129,129,-75.53623750203047,35.12913395988435,16162884.59421166,3,1.2501437301360345,0,False,906,128.24323352112395,0.6978536297628906,0.3198888358246804,-0.09958492733499608,2.491490514025965,0.49867645200647487,1e-31,5.1307933606405305,6.676891119047267,0.020174041574778902,,,,,,,,,,,229.2119416235458
130,130,-75.53655741549044,35.12693731888944,16163129.91605215,3,1.0416337723116875,0,False,907,141.97396314105634,0.7365843638451028,0.3013129729457406,-0.08922624321325512,2.658365460236065,0.5326450995735812,1e-31,2.959121997767555,48.565662833997145,0.23166400262499998,,,,,,,,,,,184.0318179661491
131,131,-75.53689996816969,35.12467260618232,16163383.04271519,3,1.1711292254630175,0,False,920,123.88145207669746,0.5442876530730535,0.3059686083930407,-0.07574215323297427,2.5917691496682234,0.500882804626593,1e-31,5.043030243580416,9.241023395602692,0.06423115946911469,,,,,,,,,,,223.3579593192935
132,132,-75.537224527788,35.122452400548354,16163631.060074916,3,1.0835324849103514,0,False,845,97.13992893793274,0.6556050976342753,0.32345910558043656,-0.07163675606649857,2.5845616511547163,0.7274279118318727,1e-31,1.3532800936561789,19.8838952556115,0.2437536036690564,,,,,,,,,,,186.14550019187112
133,133,-75.5375567789051,35.12024842756527,16163877.345821526,3,1.4269819012123999,0,False,870,121.19832805783149,0.6473215505430713,0.32869587011619866,-0.11285993162481692,2.442987798161653,0.5424970803492045,1e-31,0.5427941497402817,5.380920701272649,0.09223028178550166,,,,,,,,,,,215.16202885100807
134,134,-75.53790461170935,35.11790904749752,16164138.728146475,3,1.1308292162752087,0,False,869,115.50025705890368,0.6473696993829725,0.3289704449500623,-0.0804982993879568,2.5351821502585192,0.45662143291693097,1e-31,2.9739154472970117,2.82250078065163,0.24745982075676334,,,,,,,,,,,225.7959735386497
135,135,-75.53823695141239,35.11569082528789,16164386.599725407,3,1.1276261939125118,0,False,894,116.75610302320557,0.7281471108077956,0.3246761607386435,-0.06354470622188285,2.725792980878582,0.739265873544148,1e-31,1.6497587922832704,32.626719074894964,0.16493850349883182,,,,,,,,,,,172.0254151978424
136,136,-75.53855856326345,35.11352007806559,16164629.056052014,3,1.2460657448418913,0,False,886,133.35338811161571,0.6835817660700833,0.33494355795693825,-0.08920830200149815,2.576553510281131,0.47853174708829577,1e-31,8.062939210694951,4.741475756150552,0.06140736055485925,,,,,,,,,,,214.34750076001052
137,137,-75.53890709903662,35.111197730863026,16164888.59129825,3,1.2825813323626996,0,False,886,134.41589353597627,0.6910799918656105,0.3157121897564968,-0.07562494765473103,2.6638185894838244,0.7086054370144907,1e-31,2.2817223659969663,4.335343098635284,0.18434529179597658,,,,,,,,,,,199.8934702378615
138,138,-75.53924683370981,35.108921028149325,16165142.9553203,3,1.0933337977252282,0,False,856,131.50398094183097,0.7266284500378368,0.31083494959019786,-0.055828785228881496,2.747438797104081,0.2618373027659112,1e-31,2.340514793318666,12.288581445351282,0.13416803928326526,,,,,,,,,,,202.76796448936562
139,139,-75.53956473866037,35.10673603103793,16165387.063782778,3,1.162238010893055,0,False,873,143.34711248328443,0.7037378216555951,0.29661518084750726,-0.09465947373145718,2.6161843698719847,0.4890448429143177,1e-31,1.0856605406150426,4.176710084114063,0.10639132454798797,,,,,,,,,,,195.32921103223617
140,140,-75.53990398237801,35.10453092240087,16165633.524698852,3,1.4647324421559047,0,False,877,134.83950802352922,0.7758925169535368,0.31022430571749754,-0.07352238204724601,2.7077182042755146,0.3159519731439247,1e-31,14.815476632460216,6.752309793246301,0.061671285226580594,,,,,,,,,,,183.92019554662448
141,141,-75.54023292789928,35.10232703076595,16165879.72695585,3,1.0414724766146444,0,False,868,114.81387814931206,0.7165780018693023,0.31114219896746953,-0.05710341619480841,2.71580005156532,0.7180166744231817,1e-31,1.9620306916730779,41.82898538036835,0.2113856209487985,,,,,,,,,,,189.3272879095431
142,142,-75.54057521450065,35.100012360527685,16166138.351403695,3,1.0689759580688665,0,False,838,107.61340271337797,0.6453769621785926,0.3145242709267053,-0.07125760897065546,2.61982961623976,0.5223523754310254,1e-31,5.068483235829294,5.980552138406416,0.06287408439076106,,,,,,,,,,,188.72288843662497
143,143,-75.54090392044546,35.0978000463236,16166385.538679352,3,1.1106625635312737,0,False,798,99.87289834660501,0.6699833005655631,0.3374635391052913,-0.05939608445026087,2.6758446331538575,0.7072832069136936,1e-31,1.93798800309419,20.401100112034335,0.17540131271069745,,,,,,,,,,,177.7260847887372
144,144,-75.54123377946266,35.09552888624762,16166639.22326755,3,1.0396910663023395,0,False,850,109.32571342752827,0.6287190578372537,0.34008493582158833,-0.06918264556051093,2.6610999332083685,0.5214682529117044,1e-31,1.1189140953865833,9.255263403559571,0.2080685562064604,,,,,,,,,,,177.27546002899243
145,145,-75.54155843524715,35.09334236910798,16166883.488822393,3,1.0188862482125627,0,False,857,95.43261303070128,0.6063352889952026,0.3629782743232669,-0.07596896626769552,2.520812028504785,0.47875211877176194,1e-31,4.144041032617729,10.7643960277143,0.0645783409323735,,,,,,,,,,,204.60345908055064
146,146,-75.54188580449332,35.09107289743167,16167136.982430248,3,1.0426115859767897,0,False,845,118.31422695762566,0.6784599109854218,0.30262809818591224,-0.07277068675203549,2.6534218230677875,0.5223523754310254,1e-31,1.478854530452224,12.3944019377778,0.2981555401694458,,,,,,,,,,,186.53747134470498
147,147,-75.54221663498492,35.088800729858114,16167390.72738028,3,1.3151226232898652,0,False,774,78.85854016467276,0.6637232464423006,0.3653947545410271,-0.06817269546285344,2.5807704907655404,0.5223523754310254,1e-31,1.6152352723101446,43.49992115722653,0.5616653481886817,,,,,,,,,,,160.67750481770366
148,148,-75.54253289575158,35.08657019648447,16167639.858631201,3,1.3636448730920587,0,False,870,107.87677432906918,0.6239973380300932,0.37904796951635616,-0.04083298376548412,2.7964798264254025,0.5238949772152885,1e-31,1.5054061653701214,5.10007224817817,0.21635566864858294,,,,,,,,,,,181.73315284218165
149,149,-75.54283943332577,35.08444788851701,16167876.901025549,3,1.1502745787216075,0,False,889,102.38277658464192,0.7059786579315807,0.38383506405247664,-0.04992154611724258,2.701681261350906,0.5424970803492045,1e-31,2.314000919079676,20.647387878840362,0.1951357000838553,,,,,,,,,,,194.06302219028453
150,150,-75.54318532896119,35.08205106439698,16168144.57614097,3,1.1979097194677908,0,False,848,123.96367244912788,0.7190309985896699,0.30307832192645745,-0.06704315751180807,2.659378588599874,0.4572825479673295,1e-31,2.68446867205926,5.731994808647392,0.13034021022862424,,,,,,,,,,,207.4186318453778
151,151,-75.54348412991288,35.079927473216514,16168381.717545746,3,1.053546639863052,0,False,871,116.71072433438552,0.7064858847549454,0.30979981995649947,-0.07692579780848373,2.6016800142529943,0.5210275095447721,1e-31,1.8963406536769922,41.26358546572077,0.5502820461785113,,,,,,,,,,,200.9827731495746
152,152,-75.54380411975933,35.077624083945814,16168638.882294418,3,1.27635360656814,0,False,829,110.783947253333,0.6435981851771939,0.3248309268965602,-0.056766038708317715,2.69370902690752,0.49867645200647487,1e-31,1.4611477572512956,6.898747446253358,0.19910881955449825,,,,,,,,,,,194.38849438681837
153,153,-75.5441220224434,35.07534154069579,16168893.724530114,3,1.0084299731378639,0,False,789,93.44284462095796,0.6117486195799455,0.3337390895420708,-0.04831846859649488,2.666753844211612,0.29492314570642464,1e-31,1.6872774698844926,12.773071844748339,0.1363503113567457,,,,,,,,,,,199.72757327939473
154,154,-75.54440987177763,35.07326318984456,16169125.715899492,3,1.1020392997702246,0,False,813,106.29103287584076,0.6207580060909214,0.30019671342164794,-0.05507727725365924,2.6982307393295715,0.5205867661778397,1e-31,2.1282661592127705,10.304195251041632,0.055790692492787536,,,,,,,,,,,187.87428410152336
155,155,-75.5447285325824,35.07087905896154,16169391.804452276,3,1.0335878847524793,0,False,810,69.2497057565806,0.7495684036499616,0.38339338357811303,-0.042014556594488425,2.584812473160725,0.5111755287691486,1e-31,1.6023935275538652,3.950350910369701,0.060317564566865184,,,,,,,,,,,202.65434162781025
156,156,-75.54503623233808,35.06865191740281,16169640.412832847,3,1.4122994085086575,0,False,813,95.17828720857761,0.6427756254443134,0.30914575254706544,-0.05955198241725103,2.6104191739692113,0.5210275095447721,1e-31,1.8128228327261726,18.785596256640368,0.31053931354189673,,,,,,,,,,,199.44239543669295
157,157,-75.54532121156461,35.06652499200218,16169877.786816329,3,1.0420745074533695,0,False,875,110.71920754209309,0.6211363878049905,0.3304176493777038,-0.08831150843893011,2.5815812248725485,0.5205867661778397,1e-31,2.071840279767539,35.38573779780355,0.4950140303492468,,,,,,,,,,,176.21336516418734
158,158,-75.54563836908301,35.06417463517416,16170140.107071398,3,1.0634265265798761,0,False,857,126.96831063309243,0.6487325026746888,0.3140743519656945,-0.0611121134171798,2.7222853271807126,0.2940416589725599,1e-31,0.7450493413693468,9.314082098936836,0.18884752806030064,,,,,,,,,,,193.84942679532185
159,159,-75.5459304628094,35.061928354635164,16170390.610747973,3,1.166937703835508,0,False,865,138.6026680463379,0.6026107228263448,0.30280278975957864,-0.05933918704956445,2.823619956338115,0.5429378237161369,1e-31,1.3113039468375665,7.801348250930055,0.12651174614207203,,,,,,,,,,,163.2949082361127
160,160,-75.54621369817737,35.05976662056659,16170631.884473486,3,1.310753401709195,0,False,822,107.1691353951551,0.6349184647145149,0.3331033302515817,-0.06508793550113719,2.6208083820136334,0.4794132338221605,1e-31,12.220586598915023,4.996310871784565,0.06264004204720258,,,,,,,,,,,203.44775020440312
161,161,-75.54651937364392,35.057429174456416,16170892.68509078,3,1.1402604246683665,0,False,936,138.5077125053522,0.6291489191921182,0.33377850677709686,-0.08782351576365299,2.636478928787587,0.707723950280626,1e-31,2.412217567064465,8.987492533725712,0.06347179085758502,,,,,,,,,,,192.61400223760347
162,162,-75.54681183318485,35.05525156388979,16171135.69489203,3,1.021242244648566,0,False,905,141.36937440299397,0.5025149537723317,0.31413043818867037,-0.054503853093999466,2.8204843984837247,0.7272075401484066,1e-31,10.115530917734596,2.750981725140783,0.06551703498069784,,,,,,,,,,,179.42051288273964
163,163,-75.54710044171769,35.05298414106423,16171388.610505903,3,1.227030789840869,0,False,855,116.16578669021563,0.575208255049569,0.3419126303781114,-0.055394543140007926,2.7112189420287227,0.5424970803492045,1e-31,1.8404480805842154,3.425120402118493,0.21766638284010884,,,,,,,,,,,198.1069385512179
164,164,-75.54739151970908,35.05078807428103,16171633.637469333,3,1.1623310018401858,0,False,742,97.00877048675547,0.6964039955226458,0.31199402369483903,-0.07568537777874813,2.5929983863770496,0.29448240233949224,1e-31,1.7153787670286464,12.299177645767529,0.13601364250073056,,,,,,,,,,,173.30491637732518
165,165,-75.54767972347526,35.04852221626227,16171886.41648514,3,1.2319351749847944,0,False,756,99.25139657093554,0.7341042950265139,0.31710707748800526,-0.050684300822789456,2.7750878566666084,0.5300640664596135,1e-31,1.6548215051753492,4.822382365161882,0.18395197584430625,,,,,,,,,,,153.21369585910435
166,166,-75.54798051722128,35.04625997162827,16172138.833856314,3,1.0703173207314896,0,False,829,106.12505921939889,0.7167553928345829,0.3407052302424383,-0.05039078825069246,2.7619182697324787,0.2940416589725599,1e-31,1.1646212141626593,19.154796941459473,0.08822094148066695,,,,,,,,,,,168.693487597772
167,167,-75.5482723570463,35.04398099607558,16172393.044895155,3,1.3268248807253475,0,False,759,98.88424646322416,0.6991069489714218,0.3726000286970522,-0.04742513607223552,2.775093720780975,0.2502210306298303,1e-31,1.7815361463923503,2.9712341808181733,0.21655384266392277,,,,,,,,,,,159.2544098219389
168,168,-75.54855726423224,35.041829327323654,16172633.16000639,3,1.0645032347191012,0,False,919,135.48218344293957,0.6523492194237543,0.33673179176320944,-0.0841011546488899,2.6400833593554704,0.5205867661778397,1e-31,2.996598822101451,2.439626174717887,0.19305536180923608,,,,,,,,,,,194.8514862947923
169,169,-75.54886294562144,35.039527749669894,16172889.956239277,3,1.1144077821391172,0,False,806,119.93099647800447,0.7199810887194973,0.32611048581353264,-0.05881245404712861,2.796598207275908,0.27257208816812745,1e-31,2.008943426370318,42.67198880254047,0.22167372403588467,,,,,,,,,,,152.7552518893243
170,170,-75.5491520625445,35.03733603205602,16173134.535314994,3,1.3201513488157386,0,False,826,124.19165598778504,0.670476754013617,0.30467966134491914,-0.05713124097033098,2.7865332272339383,0.45662143291693097,1e-31,2.0596577673090026,8.949213865295867,0.1273697371849588,,,,,,,,,,,168.105459856276
171,171,-75.54945736305187,35.03501225140893,16173393.731229628,3,1.284415152729928,0,False,888,130.74848862942494,0.6966973870934977,0.3130065811228454,-0.0798962989699659,2.6548962549572046,0.4991171953734072,1e-31,1.6015365656584801,13.792879177372626,0.18690513982297444,,,,,,,,,,,189.3470404808631
172,172,-75.54976585239878,35.032782528180434,16173642.63034366,3,1.1793433191406335,0,False,856,116.53961445020822,0.6753008516773044,0.35236199017274744,-0.041810149507794124,2.837990554854527,0.5223523754310254,1e-31,1.5984552036103836,4.828685820462265,0.1576811792819506,,,,,,,,,,,171.77617967793697
173,173,-75.5500628748183,35.03051740268449,16173895.4503809,3,1.542123825842029,0,False,745,90.85716649901309,0.6897412909363733,0.329466059239978,-0.04802266336584962,2.743833468264909,0.4794132338221605,1e-31,2.2463350405922657,21.399693675869262,0.23103909183048346,,,,,,,,,,,159.07765424262556
174,174,-75.55036539401722,35.0283448362238,16174138.006400045,3,1.3414050744644763,0,False,849,106.70723170253588,0.7011471495821885,0.37256054655587806,-0.056051938125966,2.724389389545217,0.47985397718909284,1e-31,1.2802773308610713,9.763778866228805,0.2049282426195577,,,,,,,,,,,173.3926824598028
175,175,-75.55066842949066,35.02607569783524,16174391.229945013,3,1.1458281714095773,0,False,862,123.25099090835444,0.6982047973209944,0.3433894552689546,-0.0646996645082797,2.784010939564898,0.5210275095447721,1e-31,4.088833135231903,11.252087009592495,0.06711907640906017,,,,,,,,,,,150.18510971332353
176,176,-75.55097555631413,35.023848554838175,16174639.845515532,3,1.0981936863549793,0,False,775,106.42371044514478,0.7608172008350695,0.3146799109319534,-0.054710294063712084,2.777425471526192,0.5322030383139207,1e-31,1.4137242129959113,4.691127934868067,0.1892577385169262,,,,,,,,,,,151.71708513867273
177,177,-75.5512756914168,35.02166278730803,16174883.814852457,3,1.1051334434683053,0,False,838,102.14114193965362,0.722695218208131,0.3429018651246909,-0.04049691251461818,2.7996348157829702,0.4991171953734072,1e-31,1.4879974627770558,10.193443887457182,0.2198601653742914,,,,,,,,,,,171.51305356388522
178,178,-75.5515932887167,35.0193650210646,16175140.383158961,3,1.1139483586804657,0,False,747,78.76616770327941,0.7982443824790669,0.36642505704864414,-0.05875358965945667,2.619908168213938,0.500882804626593,1e-31,2.330842243516429,36.04901847422891,0.19833198237588728,,,,,,,,,,,163.2324387629559
179,179,-75.55189607969967,35.017227272296,16175379.035146251,3,1.0391992596480573,0,False,823,106.94549691735199,0.6674214839542122,0.3167746275501964,-0.06293007028904907,2.6548843463377922,0.4991171953734072,1e-31,1.753791365789807,37.4751440362809,0.40375607857959606,,,,,,,,,,,190.99489292280037
180,180,-75.55221804218304,35.01490324269611,16175638.456847101,3,1.131395121948622,0,False,735,73.95192166916489,0.6340389721685187,0.3703259923708388,-0.026463324747937944,2.730027113483304,0.5219103141713649,1e-31,2.018878985680575,33.61896787723736,0.21498334188152377,,,,,,,,,,,193.52488038069032
181,181,-75.55253264141356,35.01271979804451,16175882.37009565,3,1.1476920805691748,0,False,669,85.97670824239883,0.7894589495510014,0.388981744246371,-0.05140803605071927,2.6530808071711425,0.707723950280626,1e-31,1.6160994374509283,21.123933830870072,0.16616234957845297,,,,,,,,,,,182.21015620538478
182,182,-75.55285091221658,35.01045206884394,16176135.57499668,3,1.5145273443149847,0,False,666,90.86902752864582,0.5341835567235746,0.36975855081372494,-0.04951941804243523,2.6584915963044526,0.49867645200647487,1e-31,2.1568639884955503,11.251881027760588,0.205883054575341,,,,,,,,,,,195.04463007838
183,183,-75.55316114627466,35.00829568351784,16176376.409091298,3,1.022210881701299,0,False,555,82.21703701767366,0.7169394961839205,0.3512775686989773,-0.022771691272201876,2.9036866879310375,0.6849321493753965,1e-31,1.5387194409631573,23.84088444396005,0.321324701263879,,,,,,,,,,,142.09457726478286
184,184,-75.5535051047063,35.00590280371913,16176643.66692502,3,1.0006556677228962,0,False,532,62.86715206609498,0.744437164304663,0.3542545739154802,-0.028753655045017965,2.709915610656427,0.7274279118318727,1e-31,1.0751684397877215,46.36995750592806,0.5290626604418258,,,,,,,,,,,166.64222746053576
185,185,-75.55381794654807,35.00370221335317,16176889.404314995,3,1.2073440392160004,0,False,669,105.5362154159716,0.7017438768604021,0.3405017214929993,-0.05850911331111436,2.710705825371217,0.500882804626593,1e-31,2.26782008113645,42.37591163554561,0.25790885352047493,,,,,,,,,,,173.62583580674857
186,186,-75.55413427100132,35.00158130851035,16177126.368645513,3,1.1044596327009673,0,False,647,97.84316209129575,0.6198292879609236,0.34180209667807615,-0.06882444603937289,2.6184742829209444,0.2940416589725599,1e-31,5.449067088721204,8.500189143948258,0.06627856632415713,,,,,,,,,,,178.12878069315926
187,187,-75.55446178136879,34.9992953674282,16177381.662624769,3,1.6712512366778516,0,False,585,91.96473379370794,0.5787933950596309,0.32204316216639683,-0.04595387644712885,2.729447798509162,0.4993375670568734,1e-31,2.6958797926202362,3.325282289831685,0.1545959305979133,,,,,,,,,,,171.9182628102022
188,188,-75.55479457385954,34.99701655808311,16177636.21723103,3,1.2656409842260727,0,False,594,102.12645624564938,0.7702163688314084,0.3032325933178091,-0.041938130720416945,2.8163199432356154,0.4897072758574444,1e-31,1.2537053657048185,5.882162711692502,0.12039646457536327,,,,,,,,,,,161.2968992069668
189,189,-75.55513633188187,34.99471225752721,16177893.678125713,3,1.2278307416511458,0,False,762,139.59887615710696,0.720468181835861,0.3138138940813247,-0.08226787904227978,2.616200287764311,0.47853174708829577,1e-31,7.31416979375746,6.998740850870757,0.06621065877587186,,,,,,,,,,,218.17790737650898
190,190,-75.55544053786768,34.992629271114616,16178126.34880585,3,1.1003415876251292,0,False,623,88.8136436743044,0.7829136198527923,0.38515352720346857,-0.054857240815370405,2.6612764199314074,0.4682377050530119,1e-31,1.7357873442911527,38.44861166323358,0.3108012625543088,,,,,,,,,,,174.9182371968247
191,191,-75.55578834874467,34.99025980448286,16178391.037470417,3,1.1869837788844528,0,False,732,115.99313963723574,0.7886290523558037,0.3721452844113009,-0.07519709286301594,2.6387543820511743,0.27257208816812745,1e-31,9.834716735883882,6.501003327058129,0.06158999239559252,,,,,,,,,,,185.03976869752717
192,192,-75.55609975702627,34.98813507426439,16178628.402618567,3,1.4799806699912323,0,False,630,94.95846591829832,0.8275010984131224,0.35741014342697824,-0.023478354733183694,2.8818432239331173,0.4794132338221605,1e-31,2.2084898599152063,3.5392778712144377,0.45809028914890804,,,,,,,,,,,172.88686142260656
193,193,-75.5564397725459,34.98589492814499,16178878.760516904,3,1.2480186700896374,0,False,623,83.15674607214926,0.6673779312784454,0.3718325470986184,-0.043412266205237776,2.6974507955969296,0.47897249045522816,1e-31,1.8412002996552512,26.41456633794516,0.2346963404562005,,,,,,,,,,,176.1039422559536
194,194,-75.55678137065831,34.98353383869318,16179142.452975417,3,1.1447798217772185,0,False,644,101.4113632288882,0.6592325931873197,0.3297374956592844,-0.06654770043271369,2.6718223180488168,0.5004420612596606,1e-31,1.6855035817919952,44.15916112271917,0.3385520271992608,,,,,,,,,,,165.37287292660693
195,195,-75.55710697377523,34.98136465004488,16179384.838709584,3,1.036497249386388,0,False,672,105.56389042380351,0.6603545370029922,0.3407665396966704,-0.05922223569747967,2.7203375097366065,0.49867645200647487,1e-31,2.3665640825383374,38.95225752535083,0.20309667847185234,,,,,,,,,,,167.14840235700825
196,196,-75.55743687961679,34.97905969980091,16179642.25259746,3,1.426604778140901,0,False,517,71.21303625912321,0.6617015916461713,0.306452387669481,-0.055019733063242614,2.600730266978998,0.4995579387403396,1e-31,1.2857509846472994,3.669909184804857,0.29269989707920663,,,,,,,,,,,163.36267102809677
197,197,-75.557780276432,34.976810558553396,16179893.627133207,3,1.3944747329612786,0,False,556,78.44129020109793,0.6644608687858778,0.3241373646475582,-0.0648221011610232,2.554472548699542,0.4991171953734072,1e-31,5.184470588125966,5.237633326226585,0.0631639779107546,,,,,,,,,,,177.24203187114915
198,198,-75.55811739713192,34.97455123651051,16180146.01930913,3,1.0569863287984835,0,False,517,56.42876792860188,0.7184991578067907,0.3357322237262062,-0.028634537575604517,2.671772134483925,0.7274279118318727,1e-31,2.1365422870510913,34.778326835614,0.23770602869629084,,,,,,,,,,,167.28192580277423
199,199,-75.55842927618374,34.972415500696016,16180384.62135087,3,1.2597780077204912,0,False,561,77.63383456844696,0.6768084044844226,0.3543779698303262,-0.033374955362943604,2.762587077488873,0.3383030306822219,1e-31,3.100442641880953,2.3718842757951473,0.5059980870576901,,,,,,,,,,,163.40621646569014
200,200,-75.55874874227997,34.97021063354991,16180630.9334659,3,1.127444399765034,0,False,490,52.66776258578947,0.8408814141051786,0.32923383073743684,-0.025026195715459207,2.639461437038729,0.49867645200647487,1e-31,5.931065530731634,3.5067801388400346,0.07475742038906572,,,,,,,,,,,181.01591567259786
201,201,-75.559088690864,34.96790382857375,16180888.619616015,3,1.0013710263091535,0,False,550,89.9976141192823,0.7359922393927969,0.29964873198131275,-0.053539448307007555,2.763235454143814,0.47853174708829577,1e-31,1.558900256049831,41.22714360016935,0.5521266877980978,,,,,,,,,,,137.2292512834572
202,202,-75.55942583772267,34.965609095450006,16181144.93530976,3,1.4807564958225918,0,False,696,107.8990768124717,0.6604007188724953,0.32073309056484856,-0.06663092380925224,2.572232252515882,0.5210275095447721,1e-31,4.682831370558688,2.962072830984576,0.06120376376225942,,,,,,,,,,,227.37670453858766
203,203,-75.5597445602231,34.96345449861816,16181385.652754586,3,1.0294435802167174,0,False,638,92.96365217233914,0.6829500018051465,0.35967318781701246,-0.05681858400893327,2.685771507915301,0.5013235479935253,1e-31,1.5363078742619694,30.112214565031834,0.532714338644763,,,,,,,,,,,165.2260339774043
204,204,-75.56006137842354,34.961237065532266,16181633.310019081,3,1.1242265107645377,0,False,630,98.93747494087728,0.6347580411944449,0.3475160338038392,-0.07179538639953406,2.658870124310773,0.47853174708829577,1e-31,1.5496492940167936,14.919415460339984,0.2129370424503005,,,,,,,,,,,156.47581483219693
205,205,-75.56039608028769,34.95891608578214,16181892.52243515,3,1.041937796054903,0,False,702,142.6754943545406,0.5475170863740357,0.3009065464042862,-0.06089362295736476,2.838090464315123,0.27301283153505984,1e-31,1.482770442869606,15.628717889144186,0.15357731595617174,,,,,,,,,,,157.3595933260994
206,206,-75.56068948527357,34.95680316830426,16182128.426868103,3,1.0224466770070062,0,False,662,120.288579583357,0.6747377375517177,0.33061449463992676,-0.049269646846041265,2.8038698091854664,0.22831071645846548,1e-31,1.4822873100758651,38.64669278372349,0.3759348054589698,,,,,,,,,,,174.97667632624496
207,207,-75.56101549576647,34.95448562802114,16182387.218580887,3,1.3737478280617956,0,False,759,128.3846466588829,0.773520651578385,0.3816872730509585,-0.07089862574539721,2.7037841522743675,0.5004420612596606,1e-31,2.1990241628460185,43.59363478900898,0.5958196521960036,,,,,,,,,,,181.87103810996445
208,208,-75.56132396454876,34.95221671360727,16182640.428297263,3,1.1313476445045634,0,False,618,114.61339961114203,0.6099610588540465,0.30270550275382346,-0.05061565511240502,2.8179203623321865,0.5017642913604576,1e-31,1.6335165883031997,31.964382124391143,0.23392944090024606,,,,,,,,,,,155.92048677535854
209,209,-75.56165217090191,34.949876338837036,16182901.77716786,3,1.0210799080802122,0,False,561,71.27588138715495,0.5701857921574859,0.4031198340295149,-0.03266647184499238,2.7783301774181592,0.5451441763362549,1e-31,1.623155802215865,8.63299149051116,0.19852046353724173,,,,,,,,,,,145.63488871267248
210,210,-75.56193434334428,34.94779339098115,16183134.244806455,3,1.1985856423097325,0,False,704,114.09386280068037,0.5510171521735021,0.3522114904129976,-0.0643308701509806,2.731313503917703,0.6474615728532124,1e-31,2.717591767203995,7.273085608255818,0.06337411457452774,,,,,,,,,,,162.82268621786
211,211,-75.56222667041067,34.94562860511225,16183375.863542918,3,1.151749189203736,0,False,617,69.6449715874128,0.6353404939384026,0.39807847485451475,-0.041928105916939365,2.6175743372731204,0.49977831042380577,1e-31,2.182955966106618,30.774894765422204,0.27927097327197076,,,,,,,,,,,186.93272339077959
212,212,-75.5625310703977,34.94330685183603,16183634.887129778,3,1.0102546788725335,0,False,474,62.18942019552194,0.6746038964035513,0.32946770400292436,-0.019449632817006752,2.810594145494096,0.4991171953734072,1e-31,1.1065451487152205,15.757006562750453,0.2900884586940533,,,,,,,,,,,150.72101273760148
213,213,-75.56283883081596,34.94098232780438,16183894.267246129,3,1.1860207270974685,0,False,624,86.72784469781674,0.796160947523861,0.354579129886408,-0.05256023226501076,2.6312885371987185,0.5004420612596606,1e-31,1.670146801940066,5.097797147199124,0.181036990323221,,,,,,,,,,,190.45804382866913
214,214,-75.563123892613,34.93875748031292,16184142.42615321,3,1.064699901464648,0,False,643,101.90436521149931,0.6555180807911305,0.3657306542091619,-0.04777284854970955,2.769797905484468,0.4794132338221605,1e-31,2.9045156399862377,14.224323236792788,0.09201370947168548,,,,,,,,,,,165.13280846076267
215,215,-75.56339818871301,34.93664005634278,16184378.64452394,3,1.0653559042533882,0,False,626,86.23112402276236,0.5483291987248383,0.40922520757479647,-0.048357604765992636,2.749097512020635,0.4995579387403396,1e-31,1.895027942510265,5.690948989216273,0.2782173686828256,,,,,,,,,,,146.63769687056555
216,216,-75.56368127012459,34.93444068291818,16184623.996798676,3,1.221938505995094,0,False,630,100.73251754570975,0.6261205427408736,0.3301167053005211,-0.0617424204026577,2.6929870125497026,0.5530775569410373,1e-31,1.4764795662637942,6.881749053088832,0.14728248291521,,,,,,,,,,,165.17795442306561
217,217,-75.56398594287477,34.93199508274206,16184896.727373993,3,1.206622605663933,0,False,466,48.77148457055759,0.613710896054735,0.38761212827722086,-0.02929531814621576,2.636656403251305,0.4888244712308515,1e-31,1.9229001122449831,4.3601397418826435,0.16783943917921282,,,,,,,,,,,155.3472647235581
218,218,-75.564259246038,34.9297713824088,16185144.678028744,3,1.2862092648559027,0,False,622,111.32074939186835,0.604446154547865,0.30755434371638546,-0.05544515550336714,2.753984839768906,0.5026457780943223,1e-31,1.9711067468274044,3.1576020515046492,0.1584847008745813,,,,,,,,,,,168.3076594994612
219,219,-75.56453677884207,34.92756433852635,16185390.825664667,3,1.0104336679017574,0,False,612,92.93906910533055,0.6890229906636776,0.3850355727055815,-0.03712195368762566,2.812727126457274,0.47897249045522816,1e-31,3.689867703035863,11.728114213886904,0.06600729073478571,,,,,,,,,,,159.88192415933028
220,220,-75.56480254343339,34.925384835040916,16185633.806375137,3,1.566006508651893,0,False,621,106.24397503786388,0.7468975546646417,0.31597129873685625,-0.044929784868100904,2.826206062290801,0.45662143291693097,1e-31,2.6731000155820634,26.159075750833917,0.1981080545818668,,,,,,,,,,,153.62270113236582
221,221,-75.56508979627858,34.92309144583622,16185889.568207687,3,1.0804015344282656,0,False,596,94.0309083204636,0.61897045678452,0.35682184539971334,-0.028294994906699726,2.866976933136008,0.5107347854022164,1e-31,1.5054505198950137,5.933225635084092,0.1443057776201596,,,,,,,,,,,161.95993795598648
222,222,-75.56534625998039,34.92092298348524,16186131.300139926,3,1.2882740395690817,0,False,585,93.75964328753138,0.7591726162149869,0.339069257118282,-0.05166318357473856,2.70741148224996,0.4794132338221605,1e-31,1.3876150669393932,7.130937264692727,0.20241192939313002,,,,,,,,,,,169.85231530947698
223,223,-75.56561349415826,34.918738812064404,16186374.805990292,3,1.246192895740985,0,False,537,71.66087784531501,0.5308094814111276,0.3658983278910587,-0.04289219611082668,2.7329996443649707,0.47897249045522816,1e-31,2.238897067578179,43.92015349954154,0.28948632864529683,,,,,,,,,,,139.84924025252045
224,224,-75.56590839852147,34.91631706868946,16186644.785914635,3,1.0847852765669843,0,False,595,104.33649100682283,0.5436909901892777,0.3094502223269721,-0.032290338242943736,2.9019206812886167,0.47875211877176194,1e-31,1.1342626460187941,4.939463428295503,0.6563371851977252,,,,,,,,,,,151.435909577661
225,225,-75.56617447771126,34.91413008549315,16186888.651896784,3,1.146501528455587,0,False,515,72.3547106932257,0.7455638913119178,0.3518417310698404,-0.014868128208751745,2.9075573181423895,0.510513095826022,1e-31,1.363546989266759,27.330449253245792,0.30664512455538356,,,,,,,,,,,145.51222547050435
226,226,-75.5664437360106,34.91188592825606,16187138.817184096,3,1.1289046584246911,0,False,527,84.93601793339921,0.5768466887098688,0.31757365349471756,-0.041994832913398596,2.7678618497696688,0.5002203716834663,1e-31,3.4428392781327966,14.026878066355339,0.0623749798753614,,,,,,,,,,,152.35770238496676
227,227,-75.56673504311806,34.90951639994697,16187403.021133792,3,1.1260348549212815,0,False,477,72.0593354297831,0.6883221234022288,0.31140070038904294,-0.038908883996580663,2.723179488487235,0.4991171953734072,1e-31,7.015849927168525,4.008281995937351,0.06585427178357657,,,,,,,,,,,154.40390345292678
228,228,-75.56699341525349,34.90738248623508,16187640.905093955,3,1.227167586591874,0,False,602,110.76771282882522,0.6498515438905359,0.3301119323621485,-0.06972861109028548,2.7202894290257045,0.25066177399676265,1e-31,2.3367702197386366,16.27342264552058,0.11480479814166937,,,,,,,,,,,152.2669240116097
229,229,-75.56725504418662,34.905224993865936,16187881.428972164,3,1.2249201984716263,0,False,582,100.00238399174975,0.7464442471863669,0.34567324331019006,-0.032163037910040125,2.9102628550780443,0.2723517164846613,1e-31,2.5262802229559576,33.99796353171907,0.23762734948495792,,,,,,,,,,,141.9701950334361
230,230,-75.56753333196022,34.90297467037122,16188132.372625051,3,1.4393957507291384,0,False,659,121.89261382329927,0.6910119129212454,0.347033082133689,-0.03714313911142232,2.9651351786790023,0.47853174708829577,1e-31,2.408113640625995,2.5765768578853905,0.21406928087211122,,,,,,,,,,,134.69838231316592
231,231,-75.56782290644875,34.90062669276955,16188394.163758932,3,1.0244747656009605,0,False,634,125.28143555037664,0.6928022012172789,0.32151708890794856,-0.05830253460051561,2.858323963809941,0.29448240233949224,1e-31,1.1344739966885744,9.945187708501374,0.0587253940692392,,,,,,,,,,,136.93363644456895
232,232,-75.5680975036279,34.89840314214394,16188642.106224801,3,1.1017423274696092,0,False,718,157.4928712065162,0.630990775475882,0.2869655694067777,-0.06209739856777371,2.892333047883749,0.5210275095447721,1e-31,2.4668580394988466,48.39144079056463,0.35498407692664874,,,,,,,,,,,146.79534693555686
233,233,-75.56836010136962,34.89620921124309,16188886.60932881,3,1.1147257399324355,0,False,661,114.35942037489234,0.7575076927876983,0.3493632830978389,-0.06881043911398083,2.7593054182801273,0.25066177399676265,1e-31,1.776456812307859,42.62310463427183,0.4597227704667987,,,,,,,,,,,142.0765125178291
234,234,-75.56864715182711,34.89388633330366,16189145.68480545,3,1.38725798839928,0,False,646,110.67941900983236,0.7413607688759817,0.35419473226215237,-0.05073756919955882,2.8091891532242363,0.4570621762838633,1e-31,1.6259069163215079,5.611419473527517,0.17570382847472313,,,,,,,,,,,154.0263302253022
235,235,-75.56891290945295,34.891699786480324,16189389.45702665,3,1.0666915051577301,0,False,647,117.75831183373737,0.5308869252232851,0.32219595998203526,-0.06353685420706656,2.7343607910202317,0.45662143291693097,1e-31,4.7157950801422315,12.006582518363334,0.06516988398024862,,,,,,,,,,,167.35470386892308
236,236,-75.56918119728806,34.88958064124937,16189625.811835272,3,1.2093652369006225,0,False,622,127.9142945831991,0.6946919895997561,0.30568967686490967,-0.06819024356403677,2.780597659421887,0.5214682529117044,1e-31,7.410270701317221,9.262631986723495,0.06329123794495359,,,,,,,,,,,151.862810569396
237,237,-75.5694696842314,34.887228457980186,16189888.063219972,3,1.104036896141698,0,False,652,113.32336439654661,0.531925754961066,0.3426235472001505,-0.04304041428863922,2.8602821026411065,0.4570621762838633,1e-31,7.510097546930712,49.771107466560515,0.06335502192339228,,,,,,,,,,,154.41842422767684
238,238,-75.56975260312664,34.8849541656594,16190141.691268086,3,1.1438678765135941,0,False,637,116.62727088018174,0.588195922706226,0.3445290590877449,-0.05599066061005369,2.847365045484187,0.49889682368994104,1e-31,1.6285238601354806,30.731658109324176,0.3135460808974704,,,,,,,,,,,135.57305571309595
239,239,-75.57000889578873,34.882894894628336,16190371.329529645,3,1.0579244123355764,0,False,569,92.10994372244112,0.6295801677010531,0.38091135466906495,-0.03893132913110656,2.827429497174471,0.47853174708829577,1e-31,1.2754530520762788,3.583737036503427,0.15584414941685729,,,,,,,,,,,147.01102542588427
240,240,-75.5703065546609,34.880515831774424,16190636.649182435,3,1.0152483389622042,0,False,519,87.98614197290568,0.6566550518095446,0.3728248468549143,-0.02877299595873231,2.9745871536066666,0.31925754839591736,1e-31,2.6267856578068844,14.976934070382674,0.06714495818483712,,,,,,,,,,,110.07260341496007
241,241,-75.57058570111556,34.878284502085755,16190885.48722259,3,1.3097252628719491,0,False,569,77.46808035890305,0.6311815043964443,0.4329755378212372,-0.03415046142845776,2.803853552810241,0.2721313448011951,1e-31,2.2227665123221048,17.077182155734672,0.2145757723419994,,,,,,,,,,,144.28656774100904
242,242,-75.5708757801037,34.875961517911364,16191144.541545626,3,1.1507887532743994,0,False,536,80.24925483193786,0.621576109887501,0.40208507472671556,-0.03829586373913027,2.8600912400979306,0.37533154594474544,1e-31,1.6841842659026842,20.898736995593744,0.17761975021118462,,,,,,,,,,,118.28789447278393
243,243,-75.5711474494344,34.87377465780203,16191388.41686352,3,1.5457931689464655,0,False,559,98.01794835773924,0.5758180945440904,0.3481009652936684,-0.06048997579671868,2.7434569139856713,0.47897249045522816,1e-31,5.76382206051008,10.73011520663321,0.0644371416697841,,,,,,,,,,,142.68446933179274
244,244,-75.57144277678907,34.87143544672312,16191649.285672404,3,1.1826504760671994,0,False,574,117.1433505166913,0.7301508596171888,0.32848936690757335,-0.04147651834065242,3.004663466862572,0.4991171953734072,1e-31,0.8049941634943564,14.326829756521173,0.1996451284592153,,,,,,,,,,,106.88282870658435
245,245,-75.57170453337605,34.86933600916401,16191883.409518575,3,1.3841304600604232,0,False,613,104.53100048552562,0.740015635771032,0.38602707096825595,-0.059753781662041296,2.77441682344623,0.251102517363695,1e-31,3.671148497140936,3.722926574471263,0.05940312384826801,,,,,,,,,,,141.2676718019968
246,246,-75.57198931347969,34.86707753655534,16192135.297481678,3,1.1686476538013872,0,False,610,109.28035814040226,0.7236894847403481,0.34115601076495783,-0.021038307377320938,3.022077781037007,0.45662143291693097,1e-31,1.0624753559418685,3.6809363662755588,0.25309703559915564,,,,,,,,,,,137.7237336613196
247,247,-75.57227652438802,34.86481964730411,16192387.149016572,3,1.2153752051753721,0,False,571,108.50377565945759,0.7075938797571701,0.33244561885429447,-0.0426345265656872,2.9117544196732505,0.49999868210727194,1e-31,1.8725946306026986,48.573647650815744,0.805053633869004,,,,,,,,,,,127.62221438007295
248,248,-75.57255580207753,34.8625699475143,16192638.015352033,3,1.1706057722707175,0,False,628,113.0178942399218,0.7550163611737521,0.36218836091101375,-0.03003237792995643,2.9570248952951186,0.2504414023132965,1e-31,6.346413012251372,2.7601477971692296,0.06200071655447609,,,,,,,,,,,145.76515197571433
249,249,-75.57285218855893,34.860292042837784,16192892.130991098,3,1.1832275753772277,0,False,618,100.9492425079964,0.5748651055149475,0.4071584632327549,-0.034072880394006626,2.961991727802016,0.4991171953734072,1e-31,0.57412785728294,12.989660562918445,0.40688458051592974,,,,,,,,,,,119.08461547214978
250,250,-75.57311765599418,34.85816626755517,16193129.201395474,3,1.022210881701299,0,False,566,105.45150404742259,0.6957976172234415,0.33449537157955045,-0.02176829868092671,3.0075154560419732,0.4588251497515928,1e-31,1.7638413685733463,47.25715807209178,0.2457954618889019,,,,,,,,,,,136.6887235641483
251,251,-75.57340598864053,34.85588249865594,16193383.934070196,3,1.1062020438517277,0,False,583,117.87345531943704,0.703259358839705,0.3142829206327449,-0.03546861033785221,3.003663062884386,0.47853174708829577,1e-31,1.1090809862536886,3.857561622561051,0.17405379681618213,,,,,,,,,,,119.24291843035776
252,252,-75.5736946322487,34.85362911156816,16193635.278377237,3,1.640503499537855,0,False,603,120.42688609335282,0.7457757422193857,0.31908484853196273,-0.035045600138706556,2.9803984876603726,0.22831071645846548,1e-31,2.2935757024541976,13.711594754341641,0.21437677289675472,,,,,,,,,,,131.81816214456063
253,253,-75.57385504993746,34.85235607112316,16193777.217943296,3,1.371898910016385,0,False,80,16.038747709316997,0.48890755532026015,0.31129462593073376,-0.04973222495225823,2.5474259236857213,0.00044074336693235674,1e-31,0.8058502479588315,23.12617429010521,0.16069465961074483,,,,,,,,,,,45.90626290882469
